{"value": 325.6868019104004, "entropy_loss": 0.08232409367337823, "policy_loss": 13.07533073425293, "value_loss": 2999.621612548828, "grad_norm": 376.9523743760051, "_runtime": 23265, "_timestamp": 1637027578, "_step": 29296, "_wandb": {"runtime": 23263}}